city,yearweek,week_dt,units_week,avg_price_week,revenue_week_proxy
BOS,201104,2011-01-24,19068,,
BOS,201105,2011-01-31,54119,4.973292479028059,269149.6156725195
BOS,201106,2011-02-07,55400,5.079292156348373,281392.7854616999
BOS,201107,2011-02-14,52847,5.13786922692019,271520.9750350513
BOS,201108,2011-02-21,49872,5.144190735294118,256551.08035058825
BOS,201109,2011-02-28,52666,5.147977451923078,271123.3804829808
BOS,201110,2011-03-07,53254,5.1543648705882354,274490.5468183059
BOS,201111,2011-03-14,53432,5.178159824723247,276679.43575461255
BOS,201112,2011-03-21,48728,5.191842494331065,252988.10106376416
BOS,201113,2011-03-28,50626,5.190404541366906,262769.420311241
BOS,201114,2011-04-04,52751,5.2010984670073315,274363.1452331037
BOS,201115,2011-04-11,53967,5.211285466900483,281237.44279221835
BOS,201116,2011-04-18,49687,5.207227491334488,258731.5123619367
BOS,201117,2011-04-25,46931,5.21146632960413,244579.32631465144
BOS,201118,2011-05-02,49432,5.230799085300999,258568.860384599
BOS,201119,2011-05-09,55118,5.235515509601182,288571.14385819796
BOS,201120,2011-05-16,47930,5.231578581948243,250749.5614327793
BOS,201121,2011-05-23,46479,5.221760234899329,242702.1939578859
BOS,201122,2011-05-30,54054,5.2241360091743125,282385.4478399083
BOS,201123,2011-06-06,59812,5.231174313643927,312886.9980476706
BOS,201124,2011-06-13,56611,5.2337471928734205,296287.6623357572
BOS,201125,2011-06-20,52001,5.232049081148048,272071.7842687797
BOS,201126,2011-06-27,54537,5.237429333058873,285633.68353703176
BOS,201127,2011-07-04,60386,5.237416895632561,316266.6566596678
BOS,201128,2011-07-11,60256,5.236592943342197,315536.1443940274
BOS,201129,2011-07-18,54438,5.2417603458799595,285350.9497090132
BOS,201130,2011-07-25,52703,5.246442816673412,276503.2757671388
BOS,201131,2011-08-01,62690,5.246374818548388,328895.2373747984
BOS,201132,2011-08-08,63790,5.2418728456913835,334379.06882665335
BOS,201133,2011-08-15,65913,5.220297849034057,344085.49212338176
BOS,201134,2011-08-22,56566,5.230888344895936,295890.43011738354
BOS,201135,2011-08-29,55253,5.245105387803434,289807.80799230316
BOS,201136,2011-09-05,62922,5.246160220342317,330098.8933843793
BOS,201137,2011-09-12,63607,5.2498004308656485,333924.05600607133
BOS,201138,2011-09-19,56972,5.251978773125608,299215.73466251214
BOS,201139,2011-09-26,60735,5.260542427768082,319499.04435049446
BOS,201140,2011-10-03,62926,5.266102359767892,331374.7570907544
BOS,201141,2011-10-10,68144,5.260773637589063,358490.1587598691
BOS,201142,2011-10-17,58950,5.252811494914604,309653.2376252159
BOS,201143,2011-10-24,55485,5.271392378399081,292483.206115473
BOS,201144,2011-10-31,61269,5.26778894837476,322752.1610779732
BOS,201145,2011-11-07,61953,5.273742398777693,326724.1628314744
BOS,201146,2011-11-14,58738,5.267590360068584,309407.7225697085
BOS,201147,2011-11-21,55327,5.2687662226451,291505.0288002854
BOS,201148,2011-11-28,55509,5.268358365019012,292441.3044838403
BOS,201149,2011-12-05,60212,5.2680633738601825,317200.6318668693
BOS,201150,2011-12-12,64060,5.266678250142342,337383.40870411845
BOS,201151,2011-12-19,52420,5.273433333333333,276433.37533333333
BOS,201152,2011-12-26,57837,5.262506867924529,304367.609720151
BOS,201201,2012-01-02,65109,5.2613950526711815,342564.17048436793
BOS,201202,2012-01-09,62891,5.257509225299401,330650.01268830465
BOS,201203,2012-01-16,59742,5.263112110468371,314428.8437036014
BOS,201204,2012-01-23,55669,5.256359580393613,292616.281480932
BOS,201205,2012-01-30,67399,5.264092691883952,354794.58334028645
BOS,201206,2012-02-06,66888,5.284775958568054,353488.0943167
BOS,201207,2012-02-13,64255,5.2952749011147064,340247.88877112546
BOS,201208,2012-02-20,60151,5.315105730557039,319708.92479873647
BOS,201209,2012-02-27,65241,5.3399093142453165,348381.02357067866
BOS,201210,2012-03-05,68177,5.3654335202383034,365799.1611092868
BOS,201211,2012-03-12,72949,5.366077171086843,391449.9635536141
BOS,201212,2012-03-19,64707,5.3749492249397175,347796.8394981743
BOS,201213,2012-03-26,64565,5.368984541559554,346648.4869257926
BOS,201214,2012-04-02,75333,5.36098311976764,403858.94136145565
BOS,201215,2012-04-09,71956,5.366025238419619,386117.7120557221
BOS,201216,2012-04-16,63351,5.3636313199864265,339791.4077524601
BOS,201217,2012-04-23,63439,5.3506198384654216,339437.9719324079
BOS,201218,2012-04-30,72805,5.338244570854944,388650.8959810942
BOS,201219,2012-05-07,70070,5.328661210613599,373379.2910276949
BOS,201220,2012-05-14,69618,5.3279948506354184,370924.3455115366
BOS,201221,2012-05-21,67900,5.324213085648529,361514.0685155351
BOS,201222,2012-05-28,75190,5.306425387502039,398990.12488627835
BOS,201223,2012-06-04,78026,5.318985516454871,415019.1639069078
BOS,201224,2012-06-11,79828,5.307836436126933,423713.9670231408
BOS,201225,2012-06-18,72592,5.310055442011355,385467.54464648827
BOS,201226,2012-06-25,70358,5.336913742926435,375494.5771248181
BOS,201227,2012-07-02,75848,5.38668015389548,408568.91631266434
BOS,201228,2012-07-09,73206,5.391980515349133,394725.32560664864
BOS,201229,2012-07-16,69807,5.401561447306052,377066.79995209357
BOS,201230,2012-07-23,65539,5.403836150456406,354162.0174647624
BOS,201231,2012-07-30,74078,5.4109273197492165,400830.6739923825
BOS,201232,2012-08-06,77695,5.43120085669782,421977.1505611371
BOS,201233,2012-08-13,77962,5.443193693693694,424362.2667477478
BOS,201234,2012-08-20,71856,5.447089556619805,391406.0671804727
BOS,201235,2012-08-27,71442,5.44669669078036,389122.9049827305
BOS,201236,2012-09-03,79165,5.4496125460687965,431418.5772095363
BOS,201237,2012-09-10,74556,5.455047003831417,406706.48441765516
BOS,201238,2012-09-17,70799,5.4665468013468015,387026.0469885522
BOS,201239,2012-09-24,67530,5.458812706169823,368633.6220476481
BOS,201240,2012-10-01,74495,5.469240247064206,407431.052205048
BOS,201241,2012-10-08,74597,5.472439546215929,408227.5728290696
BOS,201242,2012-10-15,69348,5.461801446186635,378765.00669015077
BOS,201243,2012-10-22,63012,5.458544852717886,343953.82825945946
BOS,201244,2012-10-29,66251,5.456516813220134,361499.69539264706
BOS,201245,2012-11-05,69777,5.465929841269841,381396.1865342857
BOS,201246,2012-11-12,65405,5.467113807152558,357576.578556813
BOS,201247,2012-11-19,63503,5.462018370727301,346854.5525962958
BOS,201248,2012-11-26,61378,5.463329302045728,335328.22590096266
BOS,201249,2012-12-03,69752,5.46391782341478,381119.19601882773
BOS,201250,2012-12-10,67556,5.456732069274411,368634.99167190207
BOS,201251,2012-12-17,70421,5.457136883658572,384297.0364841203
BOS,201252,2012-12-24,60544,5.464454330708662,330839.92299842526
BOS,201301,2012-12-31,70242,5.475109734121122,384582.65794413583
BOS,201302,2013-01-07,69442,5.4691833455936445,379791.0298847139
BOS,201303,2013-01-14,64979,5.458014742086752,354656.3399260551
BOS,201304,2013-01-21,62062,5.446005131578947,337989.9704760526
BOS,201305,2013-01-28,67398,5.463769765408713,368247.15464901645
BOS,201306,2013-02-04,73896,5.451896731742588,402873.3608888503
BOS,201307,2013-02-11,78551,5.455741527617952,428553.9527359177
BOS,201308,2013-02-18,73227,5.458935850942319,399741.4955569532
BOS,201309,2013-02-25,72828,5.4528832646682766,397122.58239926124
BOS,201310,2013-03-04,71605,5.449906768404691,390240.57415161794
BOS,201311,2013-03-11,76087,5.448751918194641,414579.18719967565
BOS,201312,2013-03-18,68540,5.440415998311524,372886.1125242718
BOS,201313,2013-03-25,69834,5.4375923066143494,379728.8211401065
BOS,201314,2013-04-01,75050,5.437662581995814,408096.57677878585
BOS,201315,2013-04-08,73530,5.436855879494654,399772.01281924197
BOS,201316,2013-04-15,69726,5.431412092316196,378710.6395488391
BOS,201317,2013-04-22,63454,5.429931061544816,344550.84557926474
BOS,201318,2013-04-29,66070,5.436213699382292,359170.63911818806
BOS,201319,2013-05-06,70120,5.433992751641139,381031.5717450766
BOS,201320,2013-05-13,76215,5.428131245736116,413705.0228937781
BOS,201321,2013-05-20,70380,5.424716913865832,381791.57639787724
BOS,201322,2013-05-27,72063,5.425659472682794,390989.29857994016
BOS,201323,2013-06-03,78684,5.441524688684353,428160.92860443966
BOS,201324,2013-06-10,78734,5.429366477426332,427475.74023368483
BOS,201325,2013-06-17,74418,5.418330633423181,403221.32907808624
BOS,201326,2013-06-24,74430,5.428841733762749,404068.6902439614
BOS,201327,2013-07-01,81744,5.4461315733047435,445188.57932822296
BOS,201328,2013-07-08,80341,5.445949732691794,437533.0474741914
BOS,201329,2013-07-15,73187,5.443263393213573,398376.11795912177
BOS,201330,2013-07-22,73712,5.4316675371155885,400379.07749586424
BOS,201331,2013-07-29,78268,5.438727569784363,425678.32943188254
BOS,201332,2013-08-05,83427,5.434961760042284,453422.5547550476
BOS,201333,2013-08-12,78537,5.428773904461114,426359.6161346625
BOS,201334,2013-08-19,77327,5.416812772381203,418865.8812499213
BOS,201335,2013-08-26,76378,5.431525686992933,414849.0689211463
BOS,201336,2013-09-02,83680,5.451812537508154,456207.6731386823
BOS,201337,2013-09-09,82782,5.452513427791499,451369.96657943586
BOS,201338,2013-09-16,74178,5.461599753694581,405130.5465295566
BOS,201339,2013-09-23,71333,5.458058535954475,389339.68954524054
BOS,201340,2013-09-30,78347,5.463303163331182,428033.41293750814
BOS,201341,2013-10-07,75849,5.464617468093335,414485.7703374114
BOS,201342,2013-10-14,71608,5.4686935857805254,391602.21029057185
BOS,201343,2013-10-21,67209,5.465272224366396,367315.48092744115
BOS,201344,2013-10-28,70629,5.463467339072337,385879.23469134007
BOS,201345,2013-11-04,70665,5.460384822804314,385858.09350346687
BOS,201346,2013-11-11,71559,5.46425300911074,391016.48107895546
BOS,201347,2013-11-18,63132,5.466481576923077,345109.9149143077
BOS,201348,2013-11-25,59790,5.473433708727924,327256.6014448426
BOS,201349,2013-12-02,72039,5.471231109406953,394142.0178905675
BOS,201350,2013-12-09,67650,5.46659245667686,369814.9796941896
BOS,201351,2013-12-16,67107,5.465825728464182,366795.1671600459
BOS,201352,2013-12-23,57828,5.474517448643165,316580.39502013696
BOS,201401,2013-12-30,69278,5.4726376247631086,379133.3893683386
BOS,201402,2014-01-06,70819,5.466441608963868,387127.9283052122
BOS,201403,2014-01-13,65935,5.4708331365406355,360719.3828578068
BOS,201404,2014-01-20,60433,5.465158312468703,330275.91229742114
BOS,201405,2014-01-27,62782,5.478372468472968,343943.1803156699
BOS,201406,2014-02-03,68168,5.471346493732159,372970.7477847338
BOS,201407,2014-02-10,76025,5.480025863344845,416618.9662607918
BOS,201408,2014-02-17,69990,5.48846163190184,384137.4296168098
BOS,201409,2014-02-24,67643,5.515967028543548,373116.5577117712
BOS,201410,2014-03-03,72393,5.506279873908826,398616.11891188164
BOS,201411,2014-03-10,77162,5.50768020041048,424983.61962407344
BOS,201412,2014-03-17,68340,5.508577347135292,376456.17590322584
BOS,201413,2014-03-24,65163,5.516414021608643,359466.086890084
BOS,201414,2014-03-31,73664,5.517213739817921,406420.0329299473
BOS,201415,2014-04-07,76225,5.5216230585424135,420885.7176373955
BOS,201416,2014-04-14,77631,5.506792099322799,427497.7774625282
BOS,201417,2014-04-21,70451,5.505997996918336,387903.0648808937
BOS,201418,2014-04-28,71325,5.508156575212867,392869.26772705774
BOS,201419,2014-05-05,71522,5.505500966639161,393764.4401359661
BOS,201420,2014-05-12,70303,5.502333885949441,386830.5791839036
BOS,201421,2014-05-19,66496,5.501637360572972,365836.87792866037
BOS,201422,2014-05-26,67251,5.50333228263417,370104.59933943057
BOS,201423,2014-06-02,76692,5.499896271186441,421798.0448298305
BOS,201424,2014-06-09,76939,5.511203018296236,424026.4490246941
BOS,201425,2014-06-16,73952,5.513504628983485,407734.6943225867
BOS,201426,2014-06-23,65892,5.521965726882469,363853.36567573965
BOS,201427,2014-06-30,79758,5.533323117905953,441326.785237943
BOS,201428,2014-07-07,79911,5.534471511090573,442265.15292275883
BOS,201429,2014-07-14,73468,5.5383705909457435,406893.0105756019
BOS,201430,2014-07-21,69149,5.538355166072866,382971.7213787726
BOS,201431,2014-07-28,74651,5.530079378012394,412825.9556480032
BOS,201432,2014-08-04,74860,5.521972216488935,413374.8401263617
BOS,201433,2014-08-11,77202,5.524756775005722,426522.27254399174
BOS,201434,2014-08-18,76218,5.529621833561957,421456.7169104252
BOS,201435,2014-08-25,69046,5.533732694938441,382082.10765471956
BOS,201436,2014-09-01,74827,5.533938472917615,414088.0141130064
BOS,201437,2014-09-08,75311,5.5318198841698845,416606.8872967182
BOS,201438,2014-09-15,69298,5.531255394214408,383304.93630827003
BOS,201439,2014-09-22,65525,5.532656781583126,362527.3356132343
BOS,201440,2014-09-29,73074,5.532454309661343,404278.56622419297
BOS,201441,2014-10-06,72704,5.535068229049018,402421.6005247798
BOS,201442,2014-10-13,69931,5.533800767148015,386984.2214474278
BOS,201443,2014-10-20,64279,5.534213317546234,355733.6978385544
BOS,201444,2014-10-27,65970,5.5326856563836975,364991.2727516325
BOS,201445,2014-11-03,70035,5.535107088208822,387651.2249227048
BOS,201446,2014-11-10,68474,5.5350424845418775,379006.4990865205
BOS,201447,2014-11-17,64833,5.536247797752809,358931.55347170786
BOS,201448,2014-11-24,63724,5.539772488494781,353016.4620568414
BOS,201449,2014-12-01,68068,5.546482783759534,377537.99012494396
BOS,201450,2014-12-08,66476,5.550467809523809,368972.89810590475
BOS,201451,2014-12-15,69010,5.55151139821029,383109.80159049213
BOS,201452,2014-12-22,56350,5.553594112399643,312945.0282337199
BOS,201501,2014-12-29,66484,5.55730335742079,369471.7564147638
BOS,201502,2015-01-05,68546,5.560023156374944,381117.3472768769
BOS,201503,2015-01-12,70226,5.554723537234042,390086.0151257978
BOS,201504,2015-01-19,66054,5.555467448550564,366960.84684655897
BOS,201505,2015-01-26,70814,5.557337993148415,393537.33264681185
BOS,201506,2015-02-02,76932,5.565222294611308,428143.68156903714
BOS,201507,2015-02-09,79927,5.554396226831422,443946.227221955
BOS,201508,2015-02-16,71771,5.554140430226145,398626.21281776065
BOS,201509,2015-02-23,69589,5.562216356016323,387069.0739988199
BOS,201510,2015-03-02,73103,5.5635469077279245,406711.96959563444
BOS,201511,2015-03-09,77597,5.569476008375579,432174.62982191984
BOS,201512,2015-03-16,72765,5.56220320519881,404733.71622629144
BOS,201513,2015-03-23,68927,5.565180786170448,383591.21604837046
BOS,201514,2015-03-30,77576,5.567845227622608,431931.16137805145
BOS,201515,2015-04-06,78224,5.5746596196130165,436072.1740846086
BOS,201516,2015-04-13,74604,5.5727570030782765,415749.9634576517
BOS,201517,2015-04-20,71027,5.57111834065934,395699.8223820109
BOS,201518,2015-04-27,75573,5.571295571428571,421039.5202195714
BOS,201519,2015-05-04,75423,5.574108836443469,420416.0107710758
BOS,201520,2015-05-11,78978,5.575090462078806,440309.4945140599
BOS,201521,2015-05-18,71279,5.573103215187095,397245.224075321
BOS,201522,2015-05-25,70167,5.571245880416895,390917.6096912123
BOS,201523,2015-06-01,80829,5.574377915523862,450571.3925338783
BOS,201524,2015-06-08,79312,5.577523104772354,442364.5124857049
BOS,201525,2015-06-15,77828,5.57840523255814,434156.1224395349
BOS,201526,2015-06-22,70798,5.578971328287814,394980.01210012066
BOS,201527,2015-06-29,76727,5.5775351102336295,427947.5364028957
BOS,201528,2015-07-06,80360,5.579938977846019,448403.89625970606
BOS,201529,2015-07-13,81876,5.578278319991227,456727.11572760175
BOS,201530,2015-07-20,76850,5.576330037272528,428540.96336439374
BOS,201531,2015-07-27,76995,5.571955875904408,429012.74266525987
BOS,201532,2015-08-03,84613,5.572701370313528,471522.9810463385
BOS,201533,2015-08-10,79927,5.574609888182416,445561.84453275596
BOS,201534,2015-08-17,73713,5.572424884893664,410760.15554016666
BOS,201535,2015-08-24,70126,5.572376509258245,390768.47508824366
BOS,201536,2015-08-31,73524,5.570853521743893,409591.434332698
BOS,201537,2015-09-07,78074,5.5707780442400345,434932.92502599646
BOS,201538,2015-09-14,76714,5.569433180026282,427253.4969725362
BOS,201539,2015-09-21,72595,5.572220310960254,404515.3334741596
BOS,201540,2015-09-28,75896,5.57329864258347,422991.07377751503
BOS,201541,2015-10-05,80202,5.575357267950963,447154.80360420316
BOS,201542,2015-10-12,75937,5.576198730436686,423439.8029931706
BOS,201543,2015-10-19,71132,5.577717168180326,396754.17760700296
BOS,201544,2015-10-26,69781,5.579133938730854,389317.5453785777
BOS,201545,2015-11-02,73559,5.5768223230887015,410225.4732640818
BOS,201546,2015-11-09,72662,5.582358306901455,405625.3192960735
BOS,201547,2015-11-16,70073,5.5839846658645955,391286.5574911298
BOS,201548,2015-11-23,65831,5.585058831893252,367670.0079623647
BOS,201549,2015-11-30,69678,5.586292794664334,389241.7093466215
BOS,201550,2015-12-07,70767,5.585557238136891,395273.1290712334
BOS,201551,2015-12-14,73819,5.585323835556528,412303.0202169473
BOS,201552,2015-12-21,62541,5.580440170566368,349006.30870739126
BOS,201553,2015-12-28,68285,,
BOS,201601,2016-01-04,73457,5.579990345506232,409889.3508098513
BOS,201602,2016-01-11,76292,5.584105641810627,426022.58762501634
BOS,201603,2016-01-18,71808,5.586762945549967,401174.27359405207
BOS,201604,2016-01-25,69899,5.585323220728108,390408.507805674
BOS,201605,2016-02-01,78958,5.581658314201378,440716.57717271236
BOS,201606,2016-02-08,83900,5.584269946430523,468520.2485055209
BOS,201607,2016-02-15,81233,5.5840340439488365,453607.83749209583
BOS,201608,2016-02-22,74056,5.577767705258555,413067.16518062755
BOS,201609,2016-02-29,78911,5.577592795452061,440133.42508191755
BOS,201610,2016-03-07,78773,5.578302514485624,439419.62397357606
BOS,201611,2016-03-14,80583,5.5816703946649175,449787.74541328306
BOS,201612,2016-03-21,78611,5.577217087569695,438430.61247094127
BOS,201613,2016-03-28,75757,5.578452487154258,422606.8250693451
BOS,201614,2016-04-04,79845,5.578990740133377,445454.51564594946
BOS,201615,2016-04-11,78547,5.577191428883787,438071.6551645348
BOS,201616,2016-04-18,75155,5.5773034328195035,419162.2394935498
NYC,201104,2011-01-24,28000,,
NYC,201105,2011-01-31,85959,5.118619623477298,439991.42421448504
NYC,201106,2011-02-07,85903,5.208583981178396,447432.98973516776
NYC,201107,2011-02-14,72579,5.235263317572892,379970.17632612295
NYC,201108,2011-02-21,74572,5.245644017753763,391178.16569193365
NYC,201109,2011-02-28,78510,5.245466242642871,411821.5547098918
NYC,201110,2011-03-07,80454,5.238668072065379,421471.801069948
NYC,201111,2011-03-14,77922,5.269606682447196,410618.29190965043
NYC,201112,2011-03-21,74505,5.270899730796842,392708.3844430187
NYC,201113,2011-03-28,80442,5.28082815103705,424800.3781257224
NYC,201114,2011-04-04,83855,5.285339891665211,443202.1766155862
NYC,201115,2011-04-11,76187,5.288458453019554,402911.78416020074
NYC,201116,2011-04-18,72718,5.293419497607656,384926.8790270335
NYC,201117,2011-04-25,68282,5.306438406537283,362334.22727517877
NYC,201118,2011-05-02,74437,5.304209004739337,394829.405685782
NYC,201119,2011-05-09,77599,5.303663191525139,411558.95999915927
NYC,201120,2011-05-16,68819,5.297838008368201,364591.91389789124
NYC,201121,2011-05-23,68203,5.294616265865063,361108.7131807949
NYC,201122,2011-05-30,78577,5.303128127079176,416703.8988415004
NYC,201123,2011-06-06,80870,5.3085558628684995,429302.91263017553
NYC,201124,2011-06-13,77228,5.310817437252312,410143.80904412153
NYC,201125,2011-06-20,78065,5.310489377470356,414563.35325222334
NYC,201126,2011-06-27,79664,5.30900832239002,422936.8389948786
NYC,201127,2011-07-04,88005,5.310055039267016,467311.39373069373
NYC,201128,2011-07-11,77829,5.3111270874103065,413359.71008605673
NYC,201129,2011-07-18,79294,5.324582894736841,422207.4760552631
NYC,201130,2011-07-25,75110,5.321751512210901,399716.7560821608
NYC,201131,2011-08-01,83372,5.329734910198845,444350.65893309814
NYC,201132,2011-08-08,86581,5.3181923493783865,460454.4118015301
NYC,201133,2011-08-15,84096,5.306769091773656,446278.0535417974
NYC,201134,2011-08-22,79328,5.313446315291148,421505.06929941615
NYC,201135,2011-08-29,78983,5.325014848532413,420585.6477816356
NYC,201136,2011-09-05,89597,5.330164644416719,477566.7616458048
NYC,201137,2011-09-12,80229,5.337363842686149,428211.3637348671
NYC,201138,2011-09-19,84861,5.339194617169373,453089.3944076102
NYC,201139,2011-09-26,90797,5.336895529267169,484574.10337087116
NYC,201140,2011-10-03,94364,5.3456546122074355,504437.35182634246
NYC,201141,2011-10-10,93818,5.3462831530845385,501577.5928560852
NYC,201142,2011-10-17,87582,5.345371935679612,468158.3648706918
NYC,201143,2011-10-24,85264,5.354152066616201,456516.42180796375
NYC,201144,2011-10-31,91431,5.3549244712990935,489606.0993353474
NYC,201145,2011-11-07,92896,5.356462935586062,497593.9808642028
NYC,201146,2011-11-14,86846,5.3552634884771795,465083.21292028914
NYC,201147,2011-11-21,80405,5.354202165413533,430504.62511007517
NYC,201148,2011-11-28,88924,5.350293282351178,475769.47983979614
NYC,201149,2011-12-05,93944,5.348275086039204,502438.354682867
NYC,201150,2011-12-12,91254,5.349368952637083,488151.31440394436
NYC,201151,2011-12-19,77851,5.351717312854161,416636.5445230093
NYC,201152,2011-12-26,88009,5.349536986912551,470807.4006811867
NYC,201201,2012-01-02,98391,5.343233032277169,525726.0412787829
NYC,201202,2012-01-09,92204,5.337156888430969,492107.21374088904
NYC,201203,2012-01-16,91558,5.341979821088136,489100.9884591876
NYC,201204,2012-01-23,87427,5.347412254116276,467508.21114062367
NYC,201205,2012-01-30,101857,5.35241149920943,545180.5780749749
NYC,201206,2012-02-06,104579,5.3588568496079825,560423.8904751532
NYC,201207,2012-02-13,92302,5.387821071932299,497306.6605814951
NYC,201208,2012-02-20,95964,5.404468971779827,518634.4604078793
NYC,201209,2012-02-27,101042,5.424958183079057,548148.6247346741
NYC,201210,2012-03-05,108750,5.431852403122005,590713.9488395181
NYC,201211,2012-03-12,98789,5.438679495524817,537281.7086834011
NYC,201212,2012-03-19,97134,5.440147151727862,528423.2534359342
NYC,201213,2012-03-26,97037,5.442644000538069,528137.8458802126
NYC,201214,2012-04-02,111000,5.437725318321941,603587.5103337354
NYC,201215,2012-04-09,100611,5.427688407728182,546085.15838994
NYC,201216,2012-04-16,95862,5.420605091487669,519630.04528019094
NYC,201217,2012-04-23,92424,5.4187298588204245,500820.6884716189
NYC,201218,2012-04-30,102967,5.414487676979549,557513.5526355533
NYC,201219,2012-05-07,103586,5.404586974078415,559839.5462968868
NYC,201220,2012-05-14,101417,5.399774527324528,547628.9332376716
NYC,201221,2012-05-21,93854,5.39353249419055,506204.5987097599
NYC,201222,2012-05-28,108912,5.383161365678347,586290.8706587601
NYC,201223,2012-06-04,110643,5.387001703599334,596034.0294913411
NYC,201224,2012-06-11,113747,5.382648991832568,612260.1748739791
NYC,201225,2012-06-18,108524,5.386743866123696,584590.991327208
NYC,201226,2012-06-25,104107,5.429026431104357,565199.6546629813
NYC,201227,2012-07-02,111974,5.4840712884978,614073.3984582527
NYC,201228,2012-07-09,110148,5.506902298276293,606574.2743505371
NYC,201229,2012-07-16,106906,5.511326117734725,589193.8299425484
NYC,201230,2012-07-23,98799,5.510149201436177,544397.2309526929
NYC,201231,2012-07-30,110012,5.50857921709064,606009.8168305755
NYC,201232,2012-08-06,115646,5.529433906211638,639456.9135177511
NYC,201233,2012-08-13,115816,5.537415329092243,641321.2937541472
NYC,201234,2012-08-20,105539,5.546574572753906,585379.9338338745
NYC,201235,2012-08-27,103894,5.550926331180699,576707.9402516875
NYC,201236,2012-09-03,114044,5.553131378513202,633301.3149311596
NYC,201237,2012-09-10,107927,5.555639482946959,599603.5024760164
NYC,201238,2012-09-17,102175,5.559962484848485,568089.166889394
NYC,201239,2012-09-24,100259,5.563488048868997,557789.7482915568
NYC,201240,2012-10-01,110607,5.569925304988526,616072.7282088659
NYC,201241,2012-10-08,103039,5.569313204586602,573856.4632873989
NYC,201242,2012-10-15,94965,5.566051367964325,528580.0681587321
NYC,201243,2012-10-22,89966,5.560155751893257,500224.97237482877
NYC,201244,2012-10-29,98103,5.559340422467595,545387.9734653385
NYC,201245,2012-11-05,99327,5.556542067480258,551914.6539366116
NYC,201246,2012-11-12,91836,5.553060786422852,509970.890381929
NYC,201247,2012-11-19,83486,5.551801548909806,463497.70411228406
NYC,201248,2012-11-26,87280,5.5580269903605855,485104.5957186719
NYC,201249,2012-12-03,97830,5.559478302670623,543883.762350267
NYC,201250,2012-12-10,94424,5.558580759673411,524863.4296514022
NYC,201251,2012-12-17,95109,5.561750696411709,528972.5469850212
NYC,201252,2012-12-24,80755,5.559048397737983,448920.9533593308
NYC,201301,2012-12-31,100209,5.551067351008916,556266.9081772525
NYC,201302,2013-01-07,99433,5.550971711985063,551949.7702378107
NYC,201303,2013-01-14,93602,5.545598476744186,519079.1086202093
NYC,201304,2013-01-21,93961,5.550150005794414,521497.644694449
NYC,201305,2013-01-28,98149,5.550523064497519,544778.288257367
NYC,201306,2013-02-04,97656,5.5439080045871565,541395.8800959634
NYC,201307,2013-02-11,102489,5.532147514188423,566984.2665816572
NYC,201308,2013-02-18,102053,5.525823298458769,563926.8450776127
NYC,201309,2013-02-25,106151,5.526623719525833,586656.6344513868
NYC,201310,2013-03-04,103380,5.527066722240747,571388.1577452484
NYC,201311,2013-03-11,103606,5.521409178583306,572051.119356302
NYC,201312,2013-03-18,99596,5.5177861092678615,549549.425338642
NYC,201313,2013-03-25,99860,5.5060014194542255,549829.3017466989
NYC,201314,2013-04-01,113291,5.504042803861343,623558.5132922553
NYC,201315,2013-04-08,108431,5.500900130804447,596468.1020832569
NYC,201316,2013-04-15,104478,5.499249436741768,574550.5826519064
NYC,201317,2013-04-22,101191,5.494232439707149,555966.8748064061
NYC,201318,2013-04-29,108817,5.481948250026758,596529.1627231616
NYC,201319,2013-05-06,109618,5.476615941565366,600335.6862825123
NYC,201320,2013-05-13,109486,5.467542834394904,598619.3947665605
NYC,201321,2013-05-20,105329,5.462994044086478,575411.6996695846
NYC,201322,2013-05-27,113440,5.460406276415892,619428.4879966187
NYC,201323,2013-06-03,121203,5.457942007160909,661518.9450939237
NYC,201324,2013-06-10,116250,5.457239265804144,634404.0646497317
NYC,201325,2013-06-17,113624,5.453729043770337,619674.5088693608
NYC,201326,2013-06-24,118630,5.45782263717922,647461.4994485709
NYC,201327,2013-07-01,129848,5.469326180570002,710181.0658946537
NYC,201328,2013-07-08,119789,5.480830247745413,656543.1745471753
NYC,201329,2013-07-15,116189,5.489045179603633,637766.6703729666
NYC,201330,2013-07-22,113416,5.483984597205097,621971.5970766133
NYC,201331,2013-07-29,119093,5.47972081067214,652596.3905053771
NYC,201332,2013-08-05,122791,5.4798758019883165,672879.4296019473
NYC,201333,2013-08-12,119733,5.477104154757043,655790.111761525
NYC,201334,2013-08-19,121404,5.472226418746816,664350.1761415384
NYC,201335,2013-08-26,119837,5.466743408490758,655118.129843307
NYC,201336,2013-09-02,129634,5.479374843085645,710313.2784085645
NYC,201337,2013-09-09,123985,5.484415349727878,679985.237136011
NYC,201338,2013-09-16,119385,5.480856194779117,654332.0168137049
NYC,201339,2013-09-23,113486,5.483639137844611,622316.2711974336
NYC,201340,2013-09-30,121027,5.486659173669468,664033.8998116946
NYC,201341,2013-10-07,119534,5.487174263163153,655903.8883729443
NYC,201342,2013-10-14,112627,5.489531490168679,618269.4631432279
NYC,201343,2013-10-21,107877,5.489105405405405,592148.2238189188
NYC,201344,2013-10-28,114669,5.488253600956271,629332.5521680546
NYC,201345,2013-11-04,113189,5.4838459510545166,620711.0393539097
NYC,201346,2013-11-11,108365,5.482309403578529,594090.4585187873
NYC,201347,2013-11-18,101936,5.484846446297399,559103.3073497717
NYC,201348,2013-11-25,92682,5.487398898809524,508583.10473946435
NYC,201349,2013-12-02,114910,5.486487226241205,630452.2471673768
NYC,201350,2013-12-09,105565,5.483426551212271,578857.9238787234
NYC,201351,2013-12-16,103560,5.486731441263574,568205.9080572557
NYC,201352,2013-12-23,88920,5.484301752313447,487664.1118157117
NYC,201401,2013-12-30,108952,5.4874788638589616,597871.7971751615
NYC,201402,2014-01-06,111262,5.495549848706686,611445.8672668033
NYC,201403,2014-01-13,107366,5.498693911098142,590372.7704589631
NYC,201404,2014-01-20,105408,5.498819763611704,579619.5936427824
NYC,201405,2014-01-27,103056,5.498743299864839,566678.4895108709
NYC,201406,2014-02-03,115132,5.506285712913144,633949.686699116
NYC,201407,2014-02-10,107745,5.515251525585844,594240.7756242468
NYC,201408,2014-02-17,104818,5.5500438646516495,581744.4978050566
NYC,201409,2014-02-24,105688,5.55503320445115,587100.3493120332
NYC,201410,2014-03-03,108572,5.558412028523175,603487.9107608182
NYC,201411,2014-03-10,112245,5.569053117416464,625098.367164411
NYC,201412,2014-03-17,106839,5.574046747816391,595525.5804899554
NYC,201413,2014-03-24,106576,5.5769356964136785,594367.4987809842
NYC,201414,2014-03-31,116279,5.576828874086409,648468.0846498936
NYC,201415,2014-04-07,119087,5.580298311340777,664540.9850026391
NYC,201416,2014-04-14,115515,5.571022636998896,643536.6799129276
NYC,201417,2014-04-21,109896,5.5644690799120236,611512.8940060118
NYC,201418,2014-04-28,115145,5.56945783847981,641295.2228117577
NYC,201419,2014-05-05,110721,5.570567432112266,616778.7966509021
NYC,201420,2014-05-12,112156,5.564503153972005,624092.4157368842
NYC,201421,2014-05-19,102932,5.560629719931116,572366.7383319497
NYC,201422,2014-05-26,108106,5.562486693183873,601338.1864533358
NYC,201423,2014-06-02,117206,5.561798728813559,651876.181809322
NYC,201424,2014-06-09,115120,5.564961857245595,640638.4090061128
NYC,201425,2014-06-16,115653,5.571644539019801,644377.4058712571
NYC,201426,2014-06-23,109344,5.575200751207298,609614.7509400108
NYC,201427,2014-06-30,123888,5.578697607570077,691133.6892066416
NYC,201428,2014-07-07,120686,5.580743533291737,673517.6140588466
NYC,201429,2014-07-14,113868,5.583197234326367,635747.5026782748
NYC,201430,2014-07-21,110689,5.581457302573203,617805.9273645253
NYC,201431,2014-07-28,117123,5.578346645423969,653352.6941519915
NYC,201432,2014-08-04,120707,5.57833434459579,673344.003733124
NYC,201433,2014-08-11,115872,5.576509671436142,646161.3286486487
NYC,201434,2014-08-18,117282,5.576675953053301,654043.7091259973
NYC,201435,2014-08-25,107657,5.573969440042261,600076.8280066297
NYC,201436,2014-09-01,119743,5.574539729634831,667512.1108456636
NYC,201437,2014-09-08,115763,5.578382533976326,645770.2972807013
NYC,201438,2014-09-15,113261,5.578931485859382,631875.3590199194
NYC,201439,2014-09-22,108625,5.57917401836467,606037.7777448623
NYC,201440,2014-09-29,118549,5.57966758976151,661464.0130986372
NYC,201441,2014-10-06,113880,5.582193015569279,635700.1406130295
NYC,201442,2014-10-13,108006,5.580037112327339,602677.4883540266
NYC,201443,2014-10-20,104059,5.581261210859572,580780.4603408362
NYC,201444,2014-10-27,107809,5.579964305507447,601570.3718124523
NYC,201445,2014-11-03,112312,5.580207641052268,626724.2805818623
NYC,201446,2014-11-10,105649,5.580508008302344,589575.0905691343
NYC,201447,2014-11-17,102922,5.582384774338578,574550.2057444751
NYC,201448,2014-11-24,97201,5.585453200310962,542911.6365234258
NYC,201449,2014-12-01,108503,5.586046436583262,606102.7965085936
NYC,201450,2014-12-08,101378,5.58555,566251.8879
NYC,201451,2014-12-15,98479,5.581902634978042,549700.1895900026
NYC,201452,2014-12-22,85239,5.580466826964362,475673.41186361527
NYC,201501,2014-12-29,102262,5.586472208436724,571283.8209791563
NYC,201502,2015-01-05,106048,5.586481190740583,592435.1573156574
NYC,201503,2015-01-12,102118,5.587005361404705,570533.8134959256
NYC,201504,2015-01-19,103695,5.585654714091218,579204.4655776889
NYC,201505,2015-01-26,102720,5.586299022358242,573824.6355766386
NYC,201506,2015-02-02,112074,5.593120944453882,626843.4367287244
NYC,201507,2015-02-09,107276,5.597848371224974,600514.7818715303
NYC,201508,2015-02-16,100397,5.601523007123474,562376.1053461754
NYC,201509,2015-02-23,101953,5.602242728737386,571165.4529229627
NYC,201510,2015-03-02,109557,5.605772342769962,614151.6005568487
NYC,201511,2015-03-09,109866,5.611039112390954,616462.4231219445
NYC,201512,2015-03-16,105247,5.615110019463485,590973.4842184733
NYC,201513,2015-03-23,103602,5.612462790501142,581462.3700214992
NYC,201514,2015-03-30,115285,5.617333167481869,647594.2542131472
NYC,201515,2015-04-06,110486,5.619624612141653,620889.8448970827
NYC,201516,2015-04-13,104393,5.62498331647277,587208.8833565419
NYC,201517,2015-04-20,107467,5.624427521698828,604440.352474408
NYC,201518,2015-04-27,110370,5.623096445118356,620621.154647713
NYC,201519,2015-05-04,110945,5.623469863590435,623895.8640160408
NYC,201520,2015-05-11,108316,5.623081681959761,609069.7154631534
NYC,201521,2015-05-18,103691,5.611582751728158,581870.6271094445
NYC,201522,2015-05-25,109704,5.608740528451917,615301.2709332891
NYC,201523,2015-06-01,122012,5.61133235464395,684649.8832548176
NYC,201524,2015-06-08,121954,5.6115788890725735,684354.4918379566
NYC,201525,2015-06-15,116107,5.614475940160344,651879.9579841971
NYC,201526,2015-06-22,117038,5.614175460781882,657071.86757899
NYC,201527,2015-06-29,125161,5.614294026274478,702690.6546225399
NYC,201528,2015-07-06,125666,5.613946324743971,705482.1788452758
NYC,201529,2015-07-13,123821,5.613948476591529,695124.7143200396
NYC,201530,2015-07-20,118422,5.6080467184017175,664116.1084865682
NYC,201531,2015-07-27,124147,5.607029725270192,696095.9193031186
NYC,201532,2015-08-03,131150,5.607184606500578,735382.2611425509
NYC,201533,2015-08-10,128338,5.6057857614255076,719435.3330498268
NYC,201534,2015-08-17,125284,5.6030747155812035,701975.6126668755
NYC,201535,2015-08-24,119222,5.604403691496374,668168.2169075807
NYC,201536,2015-08-31,123526,5.602838657331136,692096.2479854859
NYC,201537,2015-09-07,132768,5.605458100650688,744225.4611071906
NYC,201538,2015-09-14,123343,5.606897471377976,691571.5548121737
NYC,201539,2015-09-21,124229,5.60763935154707,696631.429003341
NYC,201540,2015-09-28,127411,5.606306342025171,714305.097343769
NYC,201541,2015-10-05,128232,5.608150896529034,719144.4057637111
NYC,201542,2015-10-12,124241,5.608299868410231,696780.7839511556
NYC,201543,2015-10-19,118244,5.609309056541749,663267.1400817225
NYC,201544,2015-10-26,118730,5.609649905497576,666033.7332797272
NYC,201545,2015-11-02,119131,5.6117569856262834,668534.2214546448
NYC,201546,2015-11-09,113594,5.615236662286465,637857.1934157687
NYC,201547,2015-11-16,111429,5.61437950065703,625604.6933787122
NYC,201548,2015-11-23,101499,5.614482499794695,569864.3592466618
NYC,201549,2015-11-30,116435,5.612996739755276,653549.2753934055
NYC,201550,2015-12-07,110374,5.6141497988010185,619656.1698928636
NYC,201551,2015-12-14,112256,5.612170165065287,629999.7740495688
NYC,201552,2015-12-21,94202,5.613417529749692,528795.1581374805
NYC,201553,2015-12-28,112781,,
NYC,201601,2016-01-04,121246,5.614559729175216,680742.9089235782
NYC,201602,2016-01-11,114668,5.615908452322337,643964.9904108978
NYC,201603,2016-01-18,119355,5.615423219560223,670228.8383706105
NYC,201604,2016-01-25,118081,5.616082047915984,663152.5842999673
NYC,201605,2016-02-01,121367,5.613593486464315,681305.0006717145
NYC,201606,2016-02-08,122370,5.612212543068088,686766.448895242
NYC,201607,2016-02-15,125341,5.611922712364709,703404.004690505
NYC,201608,2016-02-22,120394,5.612500573958675,675711.3941011807
NYC,201609,2016-02-29,126906,5.609331141357822,711857.7778251558
NYC,201610,2016-03-07,125337,5.608732912430305,702981.7570452772
NYC,201611,2016-03-14,115897,5.609708855362414,650148.4272099377
NYC,201612,2016-03-21,126268,5.609491833387996,708299.3148182355
NYC,201613,2016-03-28,126424,5.610050311577566,709245.0005908821
NYC,201614,2016-04-04,130943,5.61039863069859,734642.4278995655
NYC,201615,2016-04-11,122216,5.610242349950804,685661.3790415875
NYC,201616,2016-04-18,124588,5.610976008527387,699060.2789504101
PHI,201104,2011-01-24,17312,,
PHI,201105,2011-01-31,56152,5.140967837837838,288675.6260302703
PHI,201106,2011-02-07,52412,5.311159877862596,278368.5115185344
PHI,201107,2011-02-14,46902,5.341492367962855,250526.67504219385
PHI,201108,2011-02-21,42201,5.36600149844501,226450.6292358779
PHI,201109,2011-02-28,48107,5.369277398779812,258299.82782310044
PHI,201110,2011-03-07,48006,5.366750594594595,257636.2290441081
PHI,201111,2011-03-14,46243,5.3972082957858465,249583.1032220249
PHI,201112,2011-03-21,41280,5.404377943485087,223092.7215070644
PHI,201113,2011-03-28,45477,5.409190398550725,245993.7517548913
PHI,201114,2011-04-04,45419,5.414570568732467,245924.3806612599
PHI,201115,2011-04-11,45971,5.418831695085256,249109.1118547643
PHI,201116,2011-04-18,37286,5.428154410674574,202394.16535641215
PHI,201117,2011-04-25,38859,5.431939598137712,211079.74084403334
PHI,201118,2011-05-02,41579,5.425025072957198,225567.11750848734
PHI,201119,2011-05-09,44820,5.428938125151002,243325.0067692679
PHI,201120,2011-05-16,37538,5.425490681435107,203662.06919971106
PHI,201121,2011-05-23,36470,5.41444206863451,197464.70224310056
PHI,201122,2011-05-30,44003,5.429495121370776,238914.07382567824
PHI,201123,2011-06-06,47780,5.425955144618303,259252.13680986254
PHI,201124,2011-06-13,43675,5.430059386792452,237157.84371816035
PHI,201125,2011-06-20,38974,5.428899083431257,211585.9128776498
PHI,201126,2011-06-27,42829,5.428875890346767,232513.32550766168
PHI,201127,2011-07-04,46271,5.42928910151692,251218.6360162894
PHI,201128,2011-07-11,48583,5.434631815012782,264030.717468766
PHI,201129,2011-07-18,43542,5.431602429993057,236502.8330067577
PHI,201130,2011-07-25,40196,5.435893590039197,218501.17874521555
PHI,201131,2011-08-01,47529,5.444103643446379,258752.80206936295
PHI,201132,2011-08-08,46938,5.431968936460943,254965.75793960373
PHI,201133,2011-08-15,44060,5.427683439057545,239143.73232487543
PHI,201134,2011-08-22,40673,5.428973307761733,220812.63134659294
PHI,201135,2011-08-29,46386,5.434250945520036,252073.1643588924
PHI,201136,2011-09-05,48174,5.443445621090259,262232.54935040214
PHI,201137,2011-09-12,47957,5.450046316492322,261367.87120002226
PHI,201138,2011-09-19,41264,5.454266681445356,225064.86034316116
PHI,201139,2011-09-26,46630,5.45063065548444,254162.90746523946
PHI,201140,2011-10-03,53113,5.453468300725435,289650.06185643
PHI,201141,2011-10-10,52834,5.457936313828621,288364.60720482137
PHI,201142,2011-10-17,43262,5.4580027528949095,236124.11509573957
PHI,201143,2011-10-24,43280,5.459804899825784,236300.35606445992
PHI,201144,2011-10-31,52114,5.463261981316532,284712.43489432975
PHI,201145,2011-11-07,50881,5.459779418150238,277799.03657490225
PHI,201146,2011-11-14,47737,5.458569492627928,260575.73186957938
PHI,201147,2011-11-21,41134,5.4588222222222225,224543.1932888889
PHI,201148,2011-11-28,49820,5.461036561691113,272068.8415034513
PHI,201149,2011-12-05,54098,5.456358918569582,295178.10477677727
PHI,201150,2011-12-12,52319,5.456001246507629,285452.52921603265
PHI,201151,2011-12-19,42520,5.4580235470727,232075.1612215312
PHI,201152,2011-12-26,45379,5.457310706638116,247647.30255653104
PHI,201201,2012-01-02,56894,5.455502109974424,310385.3370448849
PHI,201202,2012-01-09,56247,5.448697774480712,306472.9037212166
PHI,201203,2012-01-16,49186,5.4475915649978965,267945.23871598655
PHI,201204,2012-01-23,45938,5.447920910800084,250266.59080033426
PHI,201205,2012-01-30,57730,5.458032836130101,315092.23562979075
PHI,201206,2012-02-06,59352,5.471439157245633,324740.8568608428
PHI,201207,2012-02-13,52855,5.491335373043301,290244.5311422037
PHI,201208,2012-02-20,48539,5.500973701233071,267011.76248415204
PHI,201209,2012-02-27,54567,5.531664892978595,301846.358215163
PHI,201210,2012-03-05,58168,5.554381219175379,323087.24675699347
PHI,201211,2012-03-12,55005,5.5593556313328145,305792.3565014615
PHI,201212,2012-03-19,49108,5.555026327005037,272796.23286656337
PHI,201213,2012-03-26,47869,5.541143875192604,265249.0161615948
PHI,201214,2012-04-02,57138,5.538578509698483,316463.29888715193
PHI,201215,2012-04-09,55560,5.532091663479924,307363.01282294455
PHI,201216,2012-04-16,45664,5.52611455792683,252344.49517317076
PHI,201217,2012-04-23,45381,5.521725658518098,250581.4321092098
PHI,201218,2012-04-30,57734,5.481526839587932,316470.4705567697
PHI,201219,2012-05-07,56077,5.468091686161598,306634.1774848839
PHI,201220,2012-05-14,58060,5.4570241034790365,316834.81944799284
PHI,201221,2012-05-21,53028,5.458357393928635,289445.7758852476
PHI,201222,2012-05-28,62266,5.455793663960466,339710.44828016235
PHI,201223,2012-06-04,69907,5.454616434981524,381315.8711202534
PHI,201224,2012-06-11,73122,5.451013953081232,398589.04227720585
PHI,201225,2012-06-18,64179,5.456134287709497,350169.24245090777
PHI,201226,2012-06-25,62893,5.4588562489136105,343323.8460629237
PHI,201227,2012-07-02,78741,5.53584012409514,435897.5872113754
PHI,201228,2012-07-09,73771,5.550609656468979,409474.02496737306
PHI,201229,2012-07-16,61403,5.560142043721403,341409.40191062534
PHI,201230,2012-07-23,55472,5.559157540016849,308377.58705981466
PHI,201231,2012-07-30,67400,5.563386564911104,374972.2544750084
PHI,201232,2012-08-06,69730,5.574150417083751,388685.50858324993
PHI,201233,2012-08-13,66808,5.583806124481328,373042.9195643486
PHI,201234,2012-08-20,56724,5.576616537382407,316327.9964664796
PHI,201235,2012-08-27,64091,5.572000921810699,357115.1110797695
PHI,201236,2012-09-03,72266,5.576557793488983,402995.5255042749
PHI,201237,2012-09-10,70623,5.57535,393747.94305
PHI,201238,2012-09-17,60669,5.584930307491004,338832.1368251717
PHI,201239,2012-09-24,56902,5.584400048907728,317763.53158294753
PHI,201240,2012-10-01,68364,5.586942850162867,381945.76100853423
PHI,201241,2012-10-08,67931,5.595663878945656,380119.04296065733
PHI,201242,2012-10-15,53899,5.593092491467576,301462.0921976109
PHI,201243,2012-10-22,55449,5.535370813697769,306930.7762487276
PHI,201244,2012-10-29,70471,5.524217147262914,389297.10658476484
PHI,201245,2012-11-05,77030,5.5193186513409955,425153.11571279686
PHI,201246,2012-11-12,71461,5.51726057501147,394268.95795089466
PHI,201247,2012-11-19,55903,5.51322034182817,308205.55676922016
PHI,201248,2012-11-26,63545,5.521680465895249,350875.1852053136
PHI,201249,2012-12-03,76575,5.520373708206687,422722.61670592707
PHI,201250,2012-12-10,73439,5.519165636363636,405322.00516890903
PHI,201251,2012-12-17,70253,5.51726115814938,387604.1481434684
PHI,201252,2012-12-24,55322,5.517042160120846,305213.80638220545
PHI,201301,2012-12-31,78120,5.51294250485727,430671.06847944995
PHI,201302,2013-01-07,75748,5.520215980377582,418145.3200816411
PHI,201303,2013-01-14,72226,5.519490579173456,398650.726571382
PHI,201304,2013-01-21,59953,5.526457128083912,331327.6842000148
PHI,201305,2013-01-28,69738,5.520293541758402,384974.23101514747
PHI,201306,2013-02-04,76017,5.520103055108902,419621.6739402134
PHI,201307,2013-02-11,88548,5.51855715116279,488657.19862116274
PHI,201308,2013-02-18,68951,5.517754801444043,380454.7113143682
PHI,201309,2013-02-25,76097,5.514883762034775,419666.1096395603
PHI,201310,2013-03-04,77155,5.5174435179897205,425698.3546304969
PHI,201311,2013-03-11,79235,5.519091148427494,437305.1871456525
PHI,201312,2013-03-18,65760,5.513630511838934,362576.3424585283
PHI,201313,2013-03-25,65442,5.5141637982195855,360857.9072830861
PHI,201314,2013-04-01,79912,5.505271587234641,439937.26307909464
PHI,201315,2013-04-08,74656,5.50166993006993,410732.6702993007
PHI,201316,2013-04-15,61843,5.494826509040334,339816.5557985814
PHI,201317,2013-04-22,52885,5.489594541182974,290317.2073104616
PHI,201318,2013-04-29,64766,5.485407605400937,355267.9089713971
PHI,201319,2013-05-06,67859,5.496548819005768,372990.3063089124
PHI,201320,2013-05-13,66526,5.502304540481401,366046.3118600657
PHI,201321,2013-05-20,58333,5.498352236160349,320735.3809919416
PHI,201322,2013-05-27,63560,5.497910946423715,349447.2197546913
PHI,201323,2013-06-03,73657,5.477908993634024,403486.3427441013
PHI,201324,2013-06-10,70306,5.473680186511691,384832.55919289094
PHI,201325,2013-06-17,62348,5.46616844516303,340804.6702190246
PHI,201326,2013-06-24,60999,5.479215290806755,334226.6535239212
PHI,201327,2013-07-01,72411,5.482358031295974,396983.0274041728
PHI,201328,2013-07-08,78659,5.501067768595041,432708.48960991733
PHI,201329,2013-07-15,68333,5.501420883640706,375928.59324182034
PHI,201330,2013-07-22,58658,5.513861045820679,323432.0612257494
PHI,201331,2013-07-29,66335,5.514515270092226,365805.37044156785
PHI,201332,2013-08-05,72721,5.513988037899724,400982.7241041058
PHI,201333,2013-08-12,74352,5.505600209973753,409352.3868119685
PHI,201334,2013-08-19,63083,5.500265479774839,346973.2472606362
PHI,201335,2013-08-26,69448,5.495931275290432,381681.4352063699
PHI,201336,2013-09-02,78334,5.496254192708333,430543.57593161456
PHI,201337,2013-09-09,81730,5.500922323166775,449590.38147242053
PHI,201338,2013-09-16,66379,5.501595286805645,365190.3935428719
PHI,201339,2013-09-23,63975,5.50704086035396,352312.93904114456
PHI,201340,2013-09-30,77363,5.505116542031976,425892.33104121976
PHI,201341,2013-10-07,75946,5.5060572274424,418163.02219534054
PHI,201342,2013-10-14,68761,5.500346903905448,378209.3534594425
PHI,201343,2013-10-21,61511,5.50052380464043,338342.7197472375
PHI,201344,2013-10-28,69652,5.5008733870967745,383146.8331580645
PHI,201345,2013-11-04,73270,5.497975473387922,402836.66293513303
PHI,201346,2013-11-11,70421,5.495714638199948,387013.72053667856
PHI,201347,2013-11-18,63534,5.498965827797649,349371.2949032959
PHI,201348,2013-11-25,59250,5.502352073497511,326014.36035472754
PHI,201349,2013-12-02,76605,5.503970094291539,421631.6290732033
PHI,201350,2013-12-09,75228,5.501282901093313,413850.51008344773
PHI,201351,2013-12-16,63760,5.499972731886817,350678.2613851034
PHI,201352,2013-12-23,56071,5.502868347055099,308551.33108772646
PHI,201401,2013-12-30,74160,5.508585234729934,408516.6810075719
PHI,201402,2014-01-06,74875,5.508160198692154,412423.494877075
PHI,201403,2014-01-13,72305,5.505969412795793,398109.11839219986
PHI,201404,2014-01-20,60774,5.502622276301011,334416.36621991766
PHI,201405,2014-01-27,65941,5.497944725370532,362539.97313565825
PHI,201406,2014-02-03,78039,5.498916865375062,429129.97325700446
PHI,201407,2014-02-10,79838,5.506457762669963,439624.5748560445
PHI,201408,2014-02-17,69814,5.52646072700479,385824.3291951124
PHI,201409,2014-02-24,69903,5.547484183548939,387785.78688262147
PHI,201410,2014-03-03,78681,5.551637515166222,436808.3913307935
PHI,201411,2014-03-10,77722,5.560017656306687,432135.6922834684
PHI,201412,2014-03-17,64007,5.56384660568127,356125.12968984107
PHI,201413,2014-03-24,63061,5.563575896820637,350844.6596294062
PHI,201414,2014-03-31,75991,5.56376716954023,422796.23098053166
PHI,201415,2014-04-07,75454,5.561293264867447,419621.82200730836
PHI,201416,2014-04-14,72080,5.555673066857008,400452.9146590531
PHI,201417,2014-04-21,62430,5.552652402990389,346652.08951868996
PHI,201418,2014-04-28,68277,5.5575318595578675,379451.6027750325
PHI,201419,2014-05-05,68539,5.555784537418974,380787.9164101591
PHI,201420,2014-05-12,73274,5.554666255144033,407012.6151794239
PHI,201421,2014-05-19,60057,5.552515931487564,333467.4492973486
PHI,201422,2014-05-26,61846,5.555980833626039,343615.19063643605
PHI,201423,2014-06-02,77408,5.556525610468513,430119.53445514664
PHI,201424,2014-06-09,75410,5.5553307799767175,418927.49411804427
PHI,201425,2014-06-16,67405,5.560582547060191,374811.06658459216
PHI,201426,2014-06-23,60959,5.565618450655225,339274.53513349185
PHI,201427,2014-06-30,77304,5.5661727914785235,430287.4214724558
PHI,201428,2014-07-07,77503,5.573417912862591,431956.6085005894
PHI,201429,2014-07-14,71819,5.572889516129033,400239.352158871
PHI,201430,2014-07-21,61659,5.575184329730972,343760.29058688204
PHI,201431,2014-07-28,71449,5.572749919706355,398167.4090130993
PHI,201432,2014-08-04,73081,5.576168243785085,407511.95142405777
PHI,201433,2014-08-11,78161,5.5765841057329215,435871.39028819086
PHI,201434,2014-08-18,67316,5.580896457142857,375683.6259090286
PHI,201435,2014-08-25,68988,5.578724421124672,384865.0403645489
PHI,201436,2014-09-01,79801,5.583205338645418,445545.369229243
PHI,201437,2014-09-08,76630,5.587066011140161,428136.86843367055
PHI,201438,2014-09-15,65995,5.589117936201612,368853.8381996254
PHI,201439,2014-09-22,62172,5.589409766333938,347504.7839925136
PHI,201440,2014-09-29,76087,5.584220654512513,424886.59693989356
PHI,201441,2014-10-06,77506,5.590524923806298,433299.224744531
PHI,201442,2014-10-13,72841,5.587189794767704,406976.4918406743
PHI,201443,2014-10-20,63434,5.582989365776727,354151.34742868086
PHI,201444,2014-10-27,66733,5.585207687984714,372717.6646422839
PHI,201445,2014-11-03,78672,5.586569801145939,439506.6193957533
PHI,201446,2014-11-10,74753,5.580116177957533,417130.42465085944
PHI,201447,2014-11-17,64259,5.588237919802315,359094.58048857696
PHI,201448,2014-11-24,57923,5.593327257431296,323982.294732193
PHI,201449,2014-12-01,75729,5.59451527948919,423667.0476004369
PHI,201450,2014-12-08,71484,5.5922486462295815,399756.3022270754
PHI,201451,2014-12-15,65836,5.588953990610329,367954.3749258216
PHI,201452,2014-12-22,54043,5.592389911938469,302229.52801089064
PHI,201501,2014-12-29,70928,5.596163997330664,396924.7200026693
PHI,201502,2015-01-05,74370,5.595931497723993,416169.4254857334
PHI,201503,2015-01-12,78458,5.6030601019616535,439604.8894797074
PHI,201504,2015-01-19,63955,5.597058763000664,357959.89318770746
PHI,201505,2015-01-26,69679,5.601187744502155,390285.1608491657
PHI,201506,2015-02-02,89408,5.607616618816254,501365.7866551237
PHI,201507,2015-02-09,84259,5.613826379690949,473015.3969263797
PHI,201508,2015-02-16,71976,5.611173370104798,403869.814486663
PHI,201509,2015-02-23,71116,5.611897076668505,399095.6725043574
PHI,201510,2015-03-02,79263,5.619520286659316,445420.0364814774
PHI,201511,2015-03-09,79357,5.626784391534391,446524.7289589947
PHI,201512,2015-03-16,67206,5.618598920110193,377603.55902492563
PHI,201513,2015-03-23,65196,5.623153711453744,366607.1293719383
PHI,201514,2015-03-30,73034,5.625339324978012,410841.03226044413
PHI,201515,2015-04-06,79307,5.629545032967033,446462.3279295165
PHI,201516,2015-04-13,75149,5.633301911037892,423337.0053125865
PHI,201517,2015-04-20,67318,5.630965030742205,379065.30393950373
PHI,201518,2015-04-27,73601,5.632078327663777,414526.59699438163
PHI,201519,2015-05-04,78230,5.632470765686705,440628.1879996709
PHI,201520,2015-05-11,77263,5.634789293549803,435360.7251875384
PHI,201521,2015-05-18,65424,5.632977330554946,368531.9088742268
PHI,201522,2015-05-25,66464,5.6332641697740735,374409.269779864
PHI,201523,2015-06-01,81971,5.63370382759377,461800.33645168896
PHI,201524,2015-06-08,81717,5.637268732178109,460660.6889873985
PHI,201525,2015-06-15,74743,5.636278734371573,421272.3814431345
PHI,201526,2015-06-22,65183,5.63727824084229,367454.707572823
PHI,201527,2015-06-29,79315,5.636357482732157,447047.693742901
PHI,201528,2015-07-06,84020,5.636808726156545,473604.6691716729
PHI,201529,2015-07-13,81056,5.637620990902116,456963.0070385619
PHI,201530,2015-07-20,69241,5.633387101369863,390061.35628595063
PHI,201531,2015-07-27,75288,5.63236416127972,424049.4329744276
PHI,201532,2015-08-03,83431,5.633734271940397,470028.08404225926
PHI,201533,2015-08-10,79652,5.634965363128492,448836.2611039106
PHI,201534,2015-08-17,71222,5.633660641910396,401240.5782381422
PHI,201535,2015-08-24,71087,5.63317649249644,400445.6173220944
PHI,201536,2015-08-31,85004,5.63239213495454,478775.8610396757
PHI,201537,2015-09-07,86613,5.634939583789705,488059.0221707777
PHI,201538,2015-09-14,80029,5.634238099408802,450902.44085758703
PHI,201539,2015-09-21,72232,5.631504838003503,406774.857458669
PHI,201540,2015-09-28,82475,5.6337985554826,464647.53586342745
PHI,201541,2015-10-05,88687,5.632050147718569,499489.63145071676
PHI,201542,2015-10-12,83543,5.630697287542382,470405.3434931533
PHI,201543,2015-10-19,73417,5.6301958547522695,413352.08906834736
PHI,201544,2015-10-26,73650,5.629644394618834,414623.3096636771
PHI,201545,2015-11-02,83914,5.629635360384994,472405.2216313464
PHI,201546,2015-11-09,83905,5.632829399540632,472622.5507684567
PHI,201547,2015-11-16,74007,5.631688504867111,416784.3711797003
PHI,201548,2015-11-23,65362,5.632586547085202,368157.12189058296
PHI,201549,2015-11-30,86109,5.631835086951766,484951.68750232965
PHI,201550,2015-12-07,80480,5.633415115388822,453377.24848649243
PHI,201551,2015-12-14,78409,5.633602504648365,441725.1387869736
PHI,201552,2015-12-21,64139,5.633166870830143,361305.68992817454
PHI,201553,2015-12-28,79705,,
PHI,201601,2016-01-04,85110,5.632820912173248,479409.38783506514
PHI,201602,2016-01-11,88704,5.632695964125561,499642.6628017937
PHI,201603,2016-01-18,76694,5.633824893361042,432080.56637143175
PHI,201604,2016-01-25,78244,5.633340037182852,440775.05786933505
PHI,201605,2016-02-01,93207,5.6313715363586665,524883.2467893822
PHI,201606,2016-02-08,99258,5.627662558775287,558590.5302589175
PHI,201607,2016-02-15,93591,5.62817101782005,526746.1537287963
PHI,201608,2016-02-22,81993,5.626303542144965,461317.50633109215
PHI,201609,2016-02-29,96760,5.624384606974965,544215.4545708976
PHI,201610,2016-03-07,94497,5.625060992675194,531551.3886248278
PHI,201611,2016-03-14,90945,5.624230086367115,511495.6052046573
PHI,201612,2016-03-21,82579,5.6255142013775,464549.3372355526
PHI,201613,2016-03-28,89390,5.6222987099595505,502577.2816832842
PHI,201614,2016-04-04,99979,5.62560008746037,562441.8711442003
PHI,201615,2016-04-11,95246,5.626061703290697,535859.8729916257
PHI,201616,2016-04-18,85536,5.624456871105281,481093.54292686126
