city,category,risk_score,rev_share_global,priority_score_usd_proxy
PHI,SUPERMARKET,0.8,0.15995871753632376,0.12796697402905902
PHI,HOME_&_GARDEN,0.9750000000000001,0.07953207017404042,0.07754376841968941
NYC,HOME_&_GARDEN,0.5,0.1388527541738348,0.0694263770869174
BOS,HOME_&_GARDEN,0.5750000000000001,0.09347346591133181,0.05374724289901579
NYC,SUPERMARKET,0.17500000000000002,0.23453145085516106,0.04104300389965319
NYC,ACCESORIES,0.36250000000000004,0.06748211633323727,0.024462267170798514
BOS,SUPERMARKET,0.125,0.15808078943900514,0.019760098679875642
BOS,ACCESORIES,0.5625,0.03502043399126144,0.019698994120084558
PHI,ACCESORIES,0.42500000000000004,0.03306820158580439,0.014053985673966866
